dt_gmt8,league,home,away,rec_text,line,odds,ev,confidence,kings_call_insight,kings_call_agreement,kings_call_reasoning,kings_call_sources
2025-10-26 08:30:00+00:00,Brazil Serie A,São Paulo,Bahia,Bahia +0.5,0.50,1.93,0.1056,High,King's insight: Solid bet based on ML analysis—watch this space!,,,
2025-10-26 10:00:00+00:00,Australia A-League,Wellington Phoenix,Brisbane Roar,Brisbane Roar +0.25,0.25,1.93,0.1010,High,King's insight: Solid bet based on ML analysis—watch this space!,,,
2025-10-26 15:30:00+00:00,China Chinese Super League,Shandong Luneng,Shanghai SIPG,Shandong Luneng +0.25,0.25,1.93,0.3328,High,King's insight: Solid bet based on ML analysis—watch this space!,,,
2025-10-26 19:15:00+00:00,Netherlands Eredivisie,Twente,Ajax,Twente 0.0,0.00,1.93,0.2268,High,King's insight: Solid bet based on ML analysis—watch this space!,,,
2025-10-26 19:30:00+00:00,Italy Serie A,Torino,Genoa,Torino -0.25,-0.25,1.93,0.3069,High,King's insight: Solid bet based on ML analysis—watch this space!,,,
2025-10-26 19:35:00+00:00,China Chinese Super League,Shanghai Shenhua,Dalian Zhixing,Dalian Zhixing +1.75,1.75,1.93,0.2557,High,King's insight: Solid bet based on ML analysis—watch this space!,,,
2025-10-26 20:00:00+00:00,Scotland Premiership,Hearts,Celtic,Hearts +0.25,0.25,1.93,0.2257,High,King's insight: Solid bet based on ML analysis—watch this space!,,,
2025-10-26 20:30:00+00:00,Belgium Pro League,Royal Antwerp FC,Club Brugge,Royal Antwerp FC +1.0,1.00,1.93,0.0871,High,King's insight: Solid bet based on ML analysis—watch this space!,,,
2025-10-26 21:00:00+00:00,Denmark Superliga,Vejle,Silkeborg,Silkeborg -0.0,0.00,1.93,0.3673,High,King's insight: Solid bet based on ML analysis—watch this space!,,,
2025-10-26 21:00:00+00:00,Spain La Liga,RCD Mallorca,Levante UD,Levante UD +0.25,0.25,1.93,0.1789,High,King's insight: Solid bet based on ML analysis—watch this space!,,,
2025-10-26 21:00:00+00:00,Denmark Superliga,Fredericia,Midtjylland,Fredericia +1.25,1.25,1.93,0.1496,High,King's insight: Solid bet based on ML analysis—watch this space!,,,
2025-10-26 21:30:00+00:00,Austria Bundesliga,Ried,Rapid Wien,Rapid Wien -0.25,-0.25,1.93,0.3322,High,King's insight: Solid bet based on ML analysis—watch this space!,,,
2025-10-26 21:30:00+00:00,Netherlands Eredivisie,Feyenoord,PSV,Feyenoord 0.0,0.00,1.93,0.1953,High,King's insight: Solid bet based on ML analysis—watch this space!,,,
2025-10-26 21:30:00+00:00,Austria Bundesliga,Sturm Graz,Wolfsberger AC,Sturm Graz -0.25,-0.25,1.93,0.0633,High,King's insight: Solid bet based on ML analysis—watch this space!,,,
2025-10-26 22:00:00+00:00,England Premier League,Wolverhampton Wanderers,Burnley,Burnley +0.5,0.50,1.93,0.4671,High,King's insight: Solid bet based on ML analysis—watch this space!,,,
2025-10-26 22:00:00+00:00,France Ligue 1,Lille,Metz,Metz +1.5,1.50,1.93,0.2811,High,King's insight: Solid bet based on ML analysis—watch this space!,,,
2025-10-26 22:00:00+00:00,Italy Serie A,Sassuolo,Roma,Roma -0.5,-0.50,1.93,0.2618,High,King's insight: Solid bet based on ML analysis—watch this space!,,,
2025-10-26 22:00:00+00:00,England Premier League,Aston Villa,Manchester City,Aston Villa +0.75,0.75,1.93,0.2376,High,King's insight: Solid bet based on ML analysis—watch this space!,,,
2025-10-26 22:00:00+00:00,Italy Serie A,Hellas Verona,Cagliari,Cagliari +0.25,0.25,1.93,0.2291,High,King's insight: Solid bet based on ML analysis—watch this space!,,,
2025-10-26 22:00:00+00:00,England Premier League,Arsenal,Crystal Palace,Crystal Palace +1.25,1.25,1.93,0.2258,High,King's insight: Solid bet based on ML analysis—watch this space!,,,
2025-10-26 22:00:00+00:00,England Premier League,AFC Bournemouth,Nottingham Forest,Nottingham Forest +0.75,0.75,1.93,0.1916,High,King's insight: Solid bet based on ML analysis—watch this space!,,,
2025-10-26 22:30:00+00:00,Scotland Premiership,Aberdeen,Hibernian,Hibernian -0.0,0.00,1.93,0.2470,High,King's insight: Solid bet based on ML analysis—watch this space!,,,
2025-10-26 22:30:00+00:00,Germany Bundesliga,Bayer Leverkusen,Freiburg,Freiburg +0.75,0.75,1.93,0.1439,High,King's insight: Solid bet based on ML analysis—watch this space!,,,
2025-10-26 23:00:00+00:00,Scotland Premiership,Rangers,Kilmarnock,Kilmarnock +1.5,1.50,1.93,0.5615,High,King's insight: Solid bet based on ML analysis—watch this space!,,,
2025-10-26 23:00:00+00:00,Spain La Liga,Real Betis,Atlético Madrid,Atlético Madrid -0.25,-0.25,1.93,0.5321,High,King's insight: Solid bet based on ML analysis—watch this space!,,,
2025-10-26 23:00:00+00:00,Spain La Liga,Real Sociedad,Sevilla FC,Sevilla FC +0.5,0.50,1.93,0.5253,High,King's insight: Solid bet based on ML analysis—watch this space!,,,
2025-10-26 23:00:00+00:00,Spain La Liga,RCD Espanyol,Elche CF,Elche CF +0.5,0.50,1.93,0.4924,High,King's insight: Solid bet based on ML analysis—watch this space!,,,
2025-10-26 23:00:00+00:00,Spain La Liga,Valencia CF,Villarreal,Villarreal -0.25,-0.25,1.93,0.4150,High,King's insight: Solid bet based on ML analysis—watch this space!,,,
2025-10-26 23:00:00+00:00,Denmark Superliga,Randers,SønderjyskE,SønderjyskE +0.5,0.50,1.93,0.3065,High,King's insight: Solid bet based on ML analysis—watch this space!,,,
2025-10-26 23:00:00+00:00,Spain La Liga,Girona FC,Real Oviedo,Real Oviedo +0.75,0.75,1.93,0.2381,High,King's insight: Solid bet based on ML analysis—watch this space!,,,
2025-10-26 23:00:00+00:00,Spain La Liga,Athletic Club Bilbao,Getafe CF,Athletic Club Bilbao -0.75,-0.75,1.93,0.1596,High,King's insight: Solid bet based on ML analysis—watch this space!,,,
2025-10-26 23:15:00+00:00,Spain La Liga,Real Madrid,FC Barcelona,FC Barcelona +0.5,0.50,1.93,0.2913,High,King's insight: Solid bet based on ML analysis—watch this space!,,,
2025-10-26 23:30:00+00:00,Portugal Liga NOS,GD Estoril Praia,CD Nacional,GD Estoril Praia -0.25,-0.25,1.93,0.1299,High,King's insight: Solid bet based on ML analysis—watch this space!,,,
2025-10-26 23:45:00+00:00,Netherlands Eredivisie,AZ,Utrecht,Utrecht +1.0,1.00,1.93,0.4373,High,King's insight: Solid bet based on ML analysis—watch this space!,,,
2025-10-27 00:15:00+00:00,France Ligue 1,Rennes,Nice,Nice +0.25,0.25,1.93,0.3537,High,King's insight: Solid bet based on ML analysis—watch this space!,,,
2025-10-27 00:15:00+00:00,France Ligue 1,Auxerre,Le Havre,Auxerre -0.25,-0.25,1.93,0.1966,High,King's insight: Solid bet based on ML analysis—watch this space!,,,
2025-10-27 00:15:00+00:00,France Ligue 1,Angers SCO,Lorient,Lorient -0.0,0.00,1.93,0.1958,High,King's insight: Solid bet based on ML analysis—watch this space!,,,
2025-10-27 00:30:00+00:00,Germany Bundesliga,Stuttgart,Mainz 05,Stuttgart -0.75,-0.75,1.93,0.2283,High,King's insight: Solid bet based on ML analysis—watch this space!,,,
2025-10-27 00:30:00+00:00,England Premier League,Everton,Tottenham Hotspur,Tottenham Hotspur -0.0,0.00,1.93,0.1659,High,King's insight: Solid bet based on ML analysis—watch this space!,,,
2025-10-27 01:00:00+00:00,Denmark Superliga,København,Viborg,Viborg +1.0,1.00,1.93,0.4060,High,King's insight: Solid bet based on ML analysis—watch this space!,,,
2025-10-27 01:00:00+00:00,Italy Serie A,Fiorentina,Bologna,Bologna -0.0,0.00,1.93,0.3461,High,King's insight: Solid bet based on ML analysis—watch this space!,,,
2025-10-27 01:30:00+00:00,Spain La Liga,CA Osasuna,Celta de Vigo,Celta de Vigo +0.25,0.25,1.93,0.2413,High,King's insight: Solid bet based on ML analysis—watch this space!,,,
2025-10-27 01:30:00+00:00,Belgium Pro League,KRC Genk,RAAL La Louvière,RAAL La Louvière +1.0,1.00,1.93,0.0921,High,King's insight: Solid bet based on ML analysis—watch this space!,,,
2025-10-27 02:00:00+00:00,Portugal Liga NOS,CD Tondela,Sporting CP,CD Tondela +1.75,1.75,1.93,0.5772,High,King's insight: Solid bet based on ML analysis—watch this space!,,,
2025-10-27 02:15:00+00:00,Israel Israeli Premier League,Hapoel Be'er Sheva,Maccabi Bnei Raina,Maccabi Bnei Raina +2.0,2.00,1.93,0.4658,High,King's insight: Solid bet based on ML analysis—watch this space!,,,
2025-10-27 02:15:00+00:00,Belgium Pro League,Union Saint-Gilloise,Sint-Truiden,Sint-Truiden +1.5,1.50,1.93,0.4251,High,King's insight: Solid bet based on ML analysis—watch this space!,,,
2025-10-27 03:00:00+00:00,Netherlands Eredivisie,Go Ahead Eagles,Excelsior,Excelsior +0.75,0.75,1.93,0.3327,High,King's insight: Solid bet based on ML analysis—watch this space!,,,
2025-10-27 03:45:00+00:00,Italy Serie A,Lazio,Juventus,Juventus -0.25,-0.25,1.93,0.4136,High,King's insight: Solid bet based on ML analysis—watch this space!,,,
2025-10-27 03:45:00+00:00,France Ligue 1,Olympique Lyonnais,Strasbourg,Olympique Lyonnais -0.25,-0.25,1.93,0.1572,High,King's insight: Solid bet based on ML analysis—watch this space!,,,
2025-10-27 04:00:00+00:00,Spain La Liga,Rayo Vallecano,Deportivo Alavés,Deportivo Alavés +0.5,0.50,1.93,0.4629,High,King's insight: Solid bet based on ML analysis—watch this space!,,,
2025-10-27 04:30:00+00:00,Portugal Liga NOS,Sporting Braga,Casa Pia,Casa Pia +1.5,1.50,1.93,0.2934,High,King's insight: Solid bet based on ML analysis—watch this space!,,,
2025-10-28 02:00:00+00:00,Israel Israeli Premier League,Maccabi Tel Aviv,Ironi Kiryat Shmona,Ironi Kiryat Shmona +1.75,1.75,1.93,0.3159,High,King's insight: Solid bet based on ML analysis—watch this space!,,,
2025-10-28 02:00:00+00:00,Denmark Superliga,OB,Brøndby,Brøndby -0.5,-0.50,1.93,0.2435,High,King's insight: Solid bet based on ML analysis—watch this space!,,,
2025-10-28 04:00:00+00:00,Spain La Liga,Real Betis,Atlético Madrid,Real Betis +0.25,0.25,1.93,0.1479,High,King's insight: Solid bet based on ML analysis—watch this space!,,,
2025-10-28 04:15:00+00:00,Portugal Liga NOS,Moreirense FC,Porto,Moreirense FC +1.5,1.50,1.93,0.6089,High,King's insight: Solid bet based on ML analysis—watch this space!,,,
2025-10-29 01:30:00+00:00,Germany DFB Pokal,Heidenheim,Hamburger SV,Hamburger SV -0.0,0.00,1.93,0.3847,High,King's insight: Solid bet based on ML analysis—watch this space!,,,
2025-10-29 01:30:00+00:00,Italy Serie A,Lecce,Napoli,Lecce +1.0,1.00,1.93,0.3193,High,King's insight: Solid bet based on ML analysis—watch this space!,,,
2025-10-29 01:30:00+00:00,Germany DFB Pokal,Wolfsburg,Holstein Kiel,Holstein Kiel +1.0,1.00,1.93,0.0886,High,King's insight: Solid bet based on ML analysis—watch this space!,,,
2025-10-29 03:45:00+00:00,Germany DFB Pokal,St. Pauli,Hoffenheim,Hoffenheim -0.0,0.00,1.93,0.2247,High,King's insight: Solid bet based on ML analysis—watch this space!,,,
2025-10-29 03:45:00+00:00,England League Cup,Grimsby Town,Brentford,Grimsby Town +1.5,1.50,1.93,0.2244,High,King's insight: Solid bet based on ML analysis—watch this space!,,,
2025-10-29 03:45:00+00:00,Germany DFB Pokal,Borussia M'gladbach,Karlsruher SC,Karlsruher SC +1.0,1.00,1.93,0.2109,High,King's insight: Solid bet based on ML analysis—watch this space!,,,
2025-10-29 03:45:00+00:00,Italy Serie A,Atalanta,AC Milan,AC Milan -0.0,0.00,1.93,0.1992,High,King's insight: Solid bet based on ML analysis—watch this space!,,,
2025-10-29 03:45:00+00:00,Germany DFB Pokal,Energie Cottbus,RB Leipzig,Energie Cottbus +1.75,1.75,1.93,0.1597,High,King's insight: Solid bet based on ML analysis—watch this space!,,,
2025-10-29 03:45:00+00:00,Germany DFB Pokal,Augsburg,Bochum,Bochum +1.0,1.00,1.93,0.1120,High,King's insight: Solid bet based on ML analysis—watch this space!,,,
2025-10-29 04:00:00+00:00,England League Cup,Wrexham,Cardiff City,Cardiff City +0.25,0.25,1.93,0.1983,High,King's insight: Solid bet based on ML analysis—watch this space!,,,
2025-10-29 06:45:00+00:00,USA MLS,Charlotte,New York City,New York City -0.0,0.00,1.93,0.0648,High,King's insight: Solid bet based on ML analysis—watch this space!,,,
2025-10-30 01:00:00+00:00,Germany DFB Pokal,Mainz 05,Stuttgart,Stuttgart -0.25,-0.25,1.93,0.2274,High,King's insight: Solid bet based on ML analysis—watch this space!,,,
2025-10-30 01:00:00+00:00,Germany DFB Pokal,Illertissen,Magdeburg,Illertissen +1.5,1.50,1.93,0.1094,High,King's insight: Solid bet based on ML analysis—watch this space!,,,
2025-10-30 01:30:00+00:00,Italy Serie A,Juventus,Udinese,Udinese +1.25,1.25,1.93,0.4779,High,King's insight: Solid bet based on ML analysis—watch this space!,,,
2025-10-30 01:30:00+00:00,Italy Serie A,Como,Hellas Verona,Como -0.75,-0.75,1.93,0.3626,High,King's insight: Solid bet based on ML analysis—watch this space!,,,
2025-10-30 01:30:00+00:00,Italy Serie A,Roma,Parma,Parma +1.0,1.00,1.93,0.2107,High,King's insight: Solid bet based on ML analysis—watch this space!,,,
2025-10-30 02:00:00+00:00,France Ligue 1,Lorient,PSG,Lorient +1.25,1.25,1.93,0.3154,High,King's insight: Solid bet based on ML analysis—watch this space!,,,
2025-10-30 02:00:00+00:00,France Ligue 1,Nice,Lille,Lille -0.0,0.00,1.93,0.2960,High,King's insight: Solid bet based on ML analysis—watch this space!,,,
2025-10-30 02:00:00+00:00,France Ligue 1,Le Havre,Brest,Brest -0.0,0.00,1.93,0.2683,High,King's insight: Solid bet based on ML analysis—watch this space!,,,
2025-10-30 02:00:00+00:00,France Ligue 1,Metz,Lens,Metz +0.75,0.75,1.93,0.1367,High,King's insight: Solid bet based on ML analysis—watch this space!,,,
2025-10-30 03:45:00+00:00,Scotland Premiership,Celtic,Falkirk,Falkirk +2.0,2.00,1.93,0.5178,High,King's insight: Solid bet based on ML analysis—watch this space!,,,
2025-10-30 03:45:00+00:00,England League Cup,Liverpool,Crystal Palace,Crystal Palace +1.25,1.25,1.93,0.3073,High,King's insight: Solid bet based on ML analysis—watch this space!,,,
2025-10-30 03:45:00+00:00,Italy Serie A,Bologna,Torino,Torino +0.75,0.75,1.93,0.2440,High,King's insight: Solid bet based on ML analysis—watch this space!,,,
2025-10-30 03:45:00+00:00,Italy Serie A,Inter Milan,Fiorentina,Fiorentina +1.25,1.25,1.93,0.2428,High,King's insight: Solid bet based on ML analysis—watch this space!,,,
2025-10-30 03:45:00+00:00,Germany DFB Pokal,Köln,Bayern München,Köln +1.75,1.75,1.93,0.2119,High,King's insight: Solid bet based on ML analysis—watch this space!,,,
2025-10-30 03:45:00+00:00,Germany DFB Pokal,Darmstadt 98,Schalke 04,Schalke 04 +0.25,0.25,1.93,0.1983,High,King's insight: Solid bet based on ML analysis—watch this space!,,,
2025-10-30 03:45:00+00:00,Scotland Premiership,Motherwell,Dundee United,Dundee United +0.25,0.25,1.93,0.1945,High,King's insight: Solid bet based on ML analysis—watch this space!,,,
2025-10-30 03:45:00+00:00,England League Cup,Swansea City,Manchester City,Swansea City +1.75,1.75,1.93,0.1764,High,King's insight: Solid bet based on ML analysis—watch this space!,,,
2025-10-30 03:45:00+00:00,Italy Serie A,Genoa,Cremonese,Genoa -0.5,-0.50,1.93,0.1363,High,King's insight: Solid bet based on ML analysis—watch this space!,,,
2025-10-30 03:45:00+00:00,Scotland Premiership,Kilmarnock,Aberdeen,Kilmarnock 0.0,0.00,1.93,0.1096,High,King's insight: Solid bet based on ML analysis—watch this space!,,,
2025-10-30 03:45:00+00:00,England League Cup,Arsenal,Brighton & Hove Albion,Brighton & Hove Albion +1.0,1.00,1.93,0.0602,High,King's insight: Solid bet based on ML analysis—watch this space!,,,
2025-10-30 04:00:00+00:00,England League Cup,Newcastle United,Tottenham Hotspur,Newcastle United -0.5,-0.50,1.93,0.1767,High,King's insight: Solid bet based on ML analysis—watch this space!,,,
2025-10-30 04:05:00+00:00,France Ligue 1,Olympique Marseille,Angers SCO,Angers SCO +1.75,1.75,1.93,0.4654,High,King's insight: Solid bet based on ML analysis—watch this space!,,,
2025-10-30 04:05:00+00:00,France Ligue 1,Nantes,Monaco,Nantes +1.0,1.00,1.93,0.3551,High,King's insight: Solid bet based on ML analysis—watch this space!,,,
2025-10-30 04:05:00+00:00,France Ligue 1,Paris,Olympique Lyonnais,Olympique Lyonnais -0.0,0.00,1.93,0.1958,High,King's insight: Solid bet based on ML analysis—watch this space!,,,
2025-10-30 04:05:00+00:00,France Ligue 1,Toulouse,Rennes,Rennes +0.25,0.25,1.93,0.1789,High,King's insight: Solid bet based on ML analysis—watch this space!,,,
2025-10-30 04:05:00+00:00,France Ligue 1,Strasbourg,Auxerre,Auxerre +0.75,0.75,1.93,0.1611,High,King's insight: Solid bet based on ML analysis—watch this space!,,,
2025-10-30 06:00:00+00:00,Brazil Serie A,Fluminense,Ceará,Ceará +0.75,0.75,1.93,0.1166,High,King's insight: Solid bet based on ML analysis—watch this space!,,,
2025-10-30 23:15:00+00:00,Saudi Arabia Professional League,Dhamk,Al Fateh,Al Fateh -0.25,-0.25,1.93,0.2123,High,King's insight: Solid bet based on ML analysis—watch this space!,,,
2025-10-31 01:30:00+00:00,Saudi Arabia Professional League,Al Ahli,Al Riyadh,Al Riyadh +2.0,2.00,1.93,0.4697,High,King's insight: Solid bet based on ML analysis—watch this space!,,,
2025-10-31 01:30:00+00:00,Italy Serie A,Cagliari,Sassuolo,Sassuolo -0.0,0.00,1.93,0.2512,High,King's insight: Solid bet based on ML analysis—watch this space!,,,
2025-10-31 03:45:00+00:00,Italy Serie A,Pisa,Lazio,Pisa +0.5,0.50,1.93,0.1643,High,King's insight: Solid bet based on ML analysis—watch this space!,,,
2025-10-31 18:45:00+00:00,Australia A-League,Perth Glory FC,Melbourne Victory FC,Melbourne Victory FC -0.75,-0.75,1.93,0.2810,High,King's insight: Solid bet based on ML analysis—watch this space!,,,
2025-10-31 22:50:00+00:00,Saudi Arabia Professional League,Al Hilal,Al Shabab,Al Shabab +1.75,1.75,1.93,0.1983,High,King's insight: Solid bet based on ML analysis—watch this space!,,,
2025-11-01 01:30:00+00:00,Saudi Arabia Professional League,Al Ittifaq,Al Hazm,Al Hazm +0.5,0.50,1.93,0.3078,High,King's insight: Solid bet based on ML analysis—watch this space!,,,
2025-11-01 03:00:00+00:00,Netherlands Eredivisie,PSV,Fortuna Sittard,Fortuna Sittard +2.0,2.00,1.93,0.3761,High,King's insight: Solid bet based on ML analysis—watch this space!,,,
2025-11-01 03:30:00+00:00,Germany Bundesliga,Augsburg,Borussia Dortmund,Borussia Dortmund -0.5,-0.50,1.93,0.4382,High,King's insight: Solid bet based on ML analysis—watch this space!,,,
2025-11-01 03:45:00+00:00,Belgium Pro League,Standard Liège,Sporting Charleroi,Sporting Charleroi -0.0,0.00,1.93,0.3292,High,King's insight: Solid bet based on ML analysis—watch this space!,,,
2025-11-01 04:00:00+00:00,England Championship,Wrexham,Coventry City,Wrexham +0.25,0.25,1.93,0.3647,High,King's insight: Solid bet based on ML analysis—watch this space!,,,
2025-11-01 04:00:00+00:00,Spain La Liga,Getafe CF,Girona FC,Girona FC +0.25,0.25,1.93,0.2195,High,King's insight: Solid bet based on ML analysis—watch this space!,,,
2025-11-01 04:15:00+00:00,Portugal Liga NOS,Sporting CP,Alverca,Alverca +2.0,2.00,1.93,0.3045,High,King's insight: Solid bet based on ML analysis—watch this space!,,,
2025-11-01 14:00:00+00:00,Australia A-League,Newcastle Jets FC,Sydney FC,Sydney FC -0.25,-0.25,1.93,0.2123,High,King's insight: Solid bet based on ML analysis—watch this space!,,,
2025-11-01 15:30:00+00:00,China Chinese Super League,Shandong Luneng,Tianjin Teda,Tianjin Teda +1.75,1.75,1.93,0.0524,High,King's insight: Solid bet based on ML analysis—watch this space!,,,
2025-11-01 19:35:00+00:00,China Chinese Super League,Meizhou Hakka,Dalian Zhixing,Dalian Zhixing +0.5,0.50,1.93,0.2265,High,King's insight: Solid bet based on ML analysis—watch this space!,,,
2025-11-01 20:30:00+00:00,England Championship,West Bromwich Albion,Sheffield Wednesday,Sheffield Wednesday +1.25,1.25,1.93,0.5485,High,King's insight: Solid bet based on ML analysis—watch this space!,,,
2025-11-01 20:30:00+00:00,England Championship,Leicester City,Blackburn Rovers,Blackburn Rovers +0.75,0.75,1.93,0.3098,High,King's insight: Solid bet based on ML analysis—watch this space!,,,
2025-11-01 20:30:00+00:00,England Championship,Norwich City,Hull City,Hull City +0.25,0.25,1.93,0.1521,High,King's insight: Solid bet based on ML analysis—watch this space!,,,
2025-11-01 21:00:00+00:00,Israel Israeli Premier League,Maccabi Haifa,Hapoel Katamon,Hapoel Katamon +1.5,1.50,1.93,0.3561,High,King's insight: Solid bet based on ML analysis—watch this space!,,,
2025-11-01 21:00:00+00:00,Spain La Liga,Villarreal,Rayo Vallecano,Rayo Vallecano +0.75,0.75,1.93,0.1364,High,King's insight: Solid bet based on ML analysis—watch this space!,,,
2025-11-01 22:00:00+00:00,Italy Serie A,Udinese,Atalanta,Udinese +0.75,0.75,1.93,0.2112,High,King's insight: Solid bet based on ML analysis—watch this space!,,,
2025-11-01 22:30:00+00:00,Germany Bundesliga,Heidenheim,Eintracht Frankfurt,Eintracht Frankfurt -0.5,-0.50,1.93,0.4382,High,King's insight: Solid bet based on ML analysis—watch this space!,,,
2025-11-01 22:30:00+00:00,Germany Bundesliga,Union Berlin,Freiburg,Freiburg -0.0,0.00,1.93,0.3791,High,King's insight: Solid bet based on ML analysis—watch this space!,,,
2025-11-01 22:30:00+00:00,Germany Bundesliga,Mainz 05,Werder Bremen,Werder Bremen +0.5,0.50,1.93,0.3392,High,King's insight: Solid bet based on ML analysis—watch this space!,,,
2025-11-01 22:30:00+00:00,Germany Bundesliga,Köln,Hamburger SV,Köln -0.5,-0.50,1.93,0.3270,High,King's insight: Solid bet based on ML analysis—watch this space!,,,
2025-11-01 22:30:00+00:00,Germany Bundesliga,St. Pauli,Borussia M'gladbach,Borussia M'gladbach +0.5,0.50,1.93,0.2887,High,King's insight: Solid bet based on ML analysis—watch this space!,,,
2025-11-01 22:30:00+00:00,Germany Bundesliga,RB Leipzig,Stuttgart,RB Leipzig -0.25,-0.25,1.93,0.2561,High,King's insight: Solid bet based on ML analysis—watch this space!,,,
2025-11-01 23:00:00+00:00,England Premier League,Burnley,Arsenal,Burnley +1.5,1.50,1.93,0.4941,High,King's insight: Solid bet based on ML analysis—watch this space!,,,
2025-11-01 23:00:00+00:00,Scotland Premiership,Falkirk,Kilmarnock,Kilmarnock +0.5,0.50,1.93,0.4206,High,King's insight: Solid bet based on ML analysis—watch this space!,,,
2025-11-01 23:00:00+00:00,England Premier League,Crystal Palace,Brentford,Brentford +0.75,0.75,1.93,0.4057,High,King's insight: Solid bet based on ML analysis—watch this space!,,,
2025-11-01 23:00:00+00:00,England Championship,Stoke City,Bristol City,Bristol City +0.25,0.25,1.93,0.3790,High,King's insight: Solid bet based on ML analysis—watch this space!,,,
2025-11-01 23:00:00+00:00,England Championship,Birmingham City,Portsmouth,Portsmouth +0.75,0.75,1.93,0.3322,High,King's insight: Solid bet based on ML analysis—watch this space!,,,
2025-11-01 23:00:00+00:00,England Championship,Southampton,Preston North End,Preston North End +0.75,0.75,1.93,0.3322,High,King's insight: Solid bet based on ML analysis—watch this space!,,,
2025-11-01 23:00:00+00:00,England Premier League,Nottingham Forest,Manchester United,Manchester United -0.25,-0.25,1.93,0.3257,High,King's insight: Solid bet based on ML analysis—watch this space!,,,
2025-11-01 23:00:00+00:00,England Premier League,Fulham,Wolverhampton Wanderers,Wolverhampton Wanderers +0.75,0.75,1.93,0.3075,High,King's insight: Solid bet based on ML analysis—watch this space!,,,
2025-11-01 23:00:00+00:00,England Premier League,Brighton & Hove Albion,Leeds United,Leeds United +0.75,0.75,1.93,0.2993,High,King's insight: Solid bet based on ML analysis—watch this space!,,,
2025-11-01 23:00:00+00:00,England Championship,Oxford United,Millwall,Millwall -0.0,0.00,1.93,0.2566,High,King's insight: Solid bet based on ML analysis—watch this space!,,,
2025-11-01 23:00:00+00:00,England Championship,Charlton Athletic,Swansea City,Swansea City +0.5,0.50,1.93,0.2357,High,King's insight: Solid bet based on ML analysis—watch this space!,,,
2025-11-01 23:00:00+00:00,England Championship,Sheffield United,Derby County,Derby County +0.75,0.75,1.93,0.2338,High,King's insight: Solid bet based on ML analysis—watch this space!,,,
2025-11-01 23:00:00+00:00,England Championship,Watford,Middlesbrough,Middlesbrough -0.25,-0.25,1.93,0.2274,High,King's insight: Solid bet based on ML analysis—watch this space!,,,
2025-11-01 23:00:00+00:00,England Championship,Queens Park Rangers,Ipswich Town,Queens Park Rangers +0.25,0.25,1.93,0.1977,High,King's insight: Solid bet based on ML analysis—watch this space!,,,
2025-11-01 23:00:00+00:00,Scotland Premiership,Hearts,Dundee,Hearts -1.25,-1.25,1.93,0.1904,High,King's insight: Solid bet based on ML analysis—watch this space!,,,
2025-11-01 23:00:00+00:00,Belgium Pro League,Zulte-Waregem,Union Saint-Gilloise,Union Saint-Gilloise -1.0,-1.00,1.93,0.1050,High,King's insight: Solid bet based on ML analysis—watch this space!,,,
2025-11-01 23:15:00+00:00,Spain La Liga,Atlético Madrid,Sevilla FC,Sevilla FC +1.5,1.50,1.93,0.4430,High,King's insight: Solid bet based on ML analysis—watch this space!,,,
2025-11-01 23:30:00+00:00,Netherlands Eredivisie,Ajax,Heerenveen,Heerenveen +1.5,1.50,1.93,0.7121,High,King's insight: Solid bet based on ML analysis—watch this space!,,,
2025-11-01 23:30:00+00:00,Israel Israeli Premier League,Hapoel Tel Aviv,Ironi Tiberias,Ironi Tiberias +1.25,1.25,1.93,0.3070,High,King's insight: Solid bet based on ML analysis—watch this space!,,,
2025-11-01 23:30:00+00:00,Portugal Liga NOS,CD Nacional,Famalicão,Famalicão -0.5,-0.50,1.93,0.2870,High,King's insight: Solid bet based on ML analysis—watch this space!,,,
2025-11-02 00:00:00+00:00,France Ligue 1,PSG,Nice,Nice +1.5,1.50,1.93,0.5075,High,King's insight: Solid bet based on ML analysis—watch this space!,,,
2025-11-02 00:00:00+00:00,Austria Bundesliga,Grazer AK,Rheindorf Altach,Rheindorf Altach -0.25,-0.25,1.93,0.3767,High,King's insight: Solid bet based on ML analysis—watch this space!,,,
2025-11-02 00:00:00+00:00,Austria Bundesliga,Blau-Weiß Linz,LASK Linz,LASK Linz -0.25,-0.25,1.93,0.2274,High,King's insight: Solid bet based on ML analysis—watch this space!,,,
2025-11-02 00:30:00+00:00,Israel Israeli Premier League,Hapoel Petah Tikva,Bnei Sakhnin,Bnei Sakhnin +0.75,0.75,1.93,0.3534,High,King's insight: Solid bet based on ML analysis—watch this space!,,,
2025-11-02 00:30:00+00:00,Israel Israeli Premier League,Ashdod,Hapoel Haifa,Hapoel Haifa -0.0,0.00,1.93,0.2196,High,King's insight: Solid bet based on ML analysis—watch this space!,,,
2025-11-02 01:00:00+00:00,Denmark Superliga,København,Fredericia,Fredericia +2.0,2.00,1.93,0.4541,High,King's insight: Solid bet based on ML analysis—watch this space!,,,
2025-11-02 01:00:00+00:00,Italy Serie A,Napoli,Como,Como +0.75,0.75,1.93,0.2015,High,King's insight: Solid bet based on ML analysis—watch this space!,,,
2025-11-02 01:15:00+00:00,Belgium Pro League,Club Brugge,FCV Dender EH,FCV Dender EH +1.75,1.75,1.93,0.4613,High,King's insight: Solid bet based on ML analysis—watch this space!,,,
2025-11-02 01:30:00+00:00,Germany Bundesliga,Bayern München,Bayer Leverkusen,Bayer Leverkusen +2.0,2.00,1.93,0.6183,High,King's insight: Solid bet based on ML analysis—watch this space!,,,
2025-11-02 01:30:00+00:00,England Premier League,Tottenham Hotspur,Chelsea,Chelsea -0.0,0.00,1.93,0.3480,High,King's insight: Solid bet based on ML analysis—watch this space!,,,
2025-11-02 01:30:00+00:00,Spain La Liga,Real Sociedad,Athletic Club Bilbao,Athletic Club Bilbao -0.0,0.00,1.93,0.3434,High,King's insight: Solid bet based on ML analysis—watch this space!,,,
2025-11-02 01:30:00+00:00,Saudi Arabia Professional League,Al Nassr,Al Feiha,Al Feiha +2.0,2.00,1.93,0.2627,High,King's insight: Solid bet based on ML analysis—watch this space!,,,
2025-11-02 01:45:00+00:00,Netherlands Eredivisie,NAC Breda,Go Ahead Eagles,Go Ahead Eagles -0.0,0.00,1.93,0.2113,High,King's insight: Solid bet based on ML analysis—watch this space!,,,
2025-11-02 01:45:00+00:00,Netherlands Eredivisie,Feyenoord,Volendam,Volendam +2.0,2.00,1.93,0.2111,High,King's insight: Solid bet based on ML analysis—watch this space!,,,
2025-11-02 02:00:00+00:00,Israel Israeli Premier League,Hapoel Tel Aviv,Ironi Tiberias,Ironi Tiberias +1.25,1.25,1.93,0.4377,High,King's insight: Solid bet based on ML analysis—watch this space!,,,
2025-11-02 02:00:00+00:00,Israel Israeli Premier League,Hapoel Petah Tikva,Bnei Sakhnin,Bnei Sakhnin +0.75,0.75,1.93,0.4191,High,King's insight: Solid bet based on ML analysis—watch this space!,,,
2025-11-02 02:00:00+00:00,France Ligue 1,Monaco,Paris,Paris +1.25,1.25,1.93,0.3541,High,King's insight: Solid bet based on ML analysis—watch this space!,,,
2025-11-02 02:00:00+00:00,Portugal Liga NOS,Casa Pia,Estrela Amadora,Estrela Amadora +0.5,0.50,1.93,0.3158,High,King's insight: Solid bet based on ML analysis—watch this space!,,,
2025-11-02 02:00:00+00:00,Israel Israeli Premier League,Maccabi Haifa,Hapoel Katamon,Hapoel Katamon +1.5,1.50,1.93,0.2847,High,King's insight: Solid bet based on ML analysis—watch this space!,,,
2025-11-02 02:00:00+00:00,Portugal Liga NOS,Rio Ave FC,GD Estoril Praia,Rio Ave FC 0.0,0.00,1.93,0.2117,High,King's insight: Solid bet based on ML analysis—watch this space!,,,
2025-11-02 02:00:00+00:00,Israel Israeli Premier League,Ashdod,Hapoel Haifa,Hapoel Haifa -0.0,0.00,1.93,0.0931,High,King's insight: Solid bet based on ML analysis—watch this space!,,,
2025-11-02 03:00:00+00:00,Netherlands Eredivisie,Feyenoord,Volendam,Volendam +2.0,2.00,1.93,0.3871,High,King's insight: Solid bet based on ML analysis—watch this space!,,,
2025-11-02 03:00:00+00:00,Brazil Serie A,Cruzeiro,Vitória,Vitória +1.25,1.25,1.93,0.2295,High,King's insight: Solid bet based on ML analysis—watch this space!,,,
2025-11-02 03:45:00+00:00,Italy Serie A,Cremonese,Juventus,Cremonese +1.0,1.00,1.93,0.3087,High,King's insight: Solid bet based on ML analysis—watch this space!,,,
2025-11-02 04:00:00+00:00,Spain La Liga,Real Madrid,Valencia CF,Valencia CF +2.0,2.00,1.93,0.6012,High,King's insight: Solid bet based on ML analysis—watch this space!,,,
2025-11-02 04:00:00+00:00,Netherlands Eredivisie,Telstar,Excelsior,Telstar 0.0,0.00,1.93,0.2117,High,King's insight: Solid bet based on ML analysis—watch this space!,,,
2025-11-02 04:00:00+00:00,England Premier League,Liverpool,Aston Villa,Aston Villa +1.0,1.00,1.93,0.1347,High,King's insight: Solid bet based on ML analysis—watch this space!,,,
2025-11-02 04:05:00+00:00,France Ligue 1,Auxerre,Olympique Marseille,Olympique Marseille -0.75,-0.75,1.93,0.1902,High,King's insight: Solid bet based on ML analysis—watch this space!,,,
2025-11-02 04:30:00+00:00,Portugal Liga NOS,Vitória Guimarães,Benfica,Vitória Guimarães +1.25,1.25,1.93,0.8431,High,King's insight: Solid bet based on ML analysis—watch this space!,,,
2025-11-02 07:30:00+00:00,USA MLS,Nashville SC,Inter Miami,Inter Miami -0.0,0.00,1.93,0.1229,High,King's insight: Solid bet based on ML analysis—watch this space!,,,
2025-11-02 08:00:00+00:00,Brazil Serie A,Flamengo,Sport Recife,Sport Recife +1.75,1.75,1.93,0.3778,High,King's insight: Solid bet based on ML analysis—watch this space!,,,
2025-11-02 08:00:00+00:00,Portugal Liga NOS,Gil Vicente,Santa Clara,Gil Vicente -0.25,-0.25,1.93,0.0572,High,King's insight: Solid bet based on ML analysis—watch this space!,,,
2025-11-02 14:00:00+00:00,Australia A-League,Central Coast Mariners,Wellington Phoenix,Central Coast Mariners 0.0,0.00,1.93,0.1192,High,King's insight: Solid bet based on ML analysis—watch this space!,,,
2025-11-02 15:30:00+00:00,China Chinese Super League,Qingdao Jonoon,Wuhan Three Towns,Wuhan Three Towns +0.75,0.75,1.93,0.2459,High,King's insight: Solid bet based on ML analysis—watch this space!,,,
2025-11-02 19:15:00+00:00,Netherlands Eredivisie,Heracles,PEC Zwolle,PEC Zwolle +0.25,0.25,1.93,0.3790,High,King's insight: Solid bet based on ML analysis—watch this space!,,,
2025-11-02 19:30:00+00:00,Italy Serie A,Hellas Verona,Inter Milan,Hellas Verona +1.25,1.25,1.93,0.3248,High,King's insight: Solid bet based on ML analysis—watch this space!,,,
2025-11-02 20:30:00+00:00,Belgium Pro League,KVC Westerlo,KRC Genk,KRC Genk -0.25,-0.25,1.93,0.2938,High,King's insight: Solid bet based on ML analysis—watch this space!,,,
2025-11-02 21:00:00+00:00,Spain La Liga,Levante UD,Celta de Vigo,Celta de Vigo -0.0,0.00,1.93,0.4813,High,King's insight: Solid bet based on ML analysis—watch this space!,,,
2025-11-02 21:00:00+00:00,Denmark Superliga,Viborg,Randers,Randers +0.25,0.25,1.93,0.1791,High,King's insight: Solid bet based on ML analysis—watch this space!,,,
2025-11-02 21:30:00+00:00,Netherlands Eredivisie,Sparta Rotterdam,AZ,Sparta Rotterdam +0.75,0.75,1.93,0.4876,High,King's insight: Solid bet based on ML analysis—watch this space!,,,
2025-11-02 21:30:00+00:00,Netherlands Eredivisie,Groningen,Twente,Groningen +0.25,0.25,1.93,0.3647,High,King's insight: Solid bet based on ML analysis—watch this space!,,,
2025-11-02 21:30:00+00:00,Austria Bundesliga,Salzburg,Ried,Salzburg -1.0,-1.00,1.93,0.0553,High,King's insight: Solid bet based on ML analysis—watch this space!,,,
2025-11-02 22:00:00+00:00,England Premier League,West Ham United,Newcastle United,Newcastle United -0.75,-0.75,1.93,0.2970,High,King's insight: Solid bet based on ML analysis—watch this space!,,,
2025-11-02 22:00:00+00:00,France Ligue 1,Rennes,Strasbourg,Strasbourg +0.25,0.25,1.93,0.2442,High,King's insight: Solid bet based on ML analysis—watch this space!,,,
2025-11-02 22:00:00+00:00,Italy Serie A,Fiorentina,Lecce,Lecce +0.75,0.75,1.93,0.2403,High,King's insight: Solid bet based on ML analysis—watch this space!,,,
2025-11-02 22:00:00+00:00,Italy Serie A,Torino,Pisa,Pisa +0.5,0.50,1.93,0.2377,High,King's insight: Solid bet based on ML analysis—watch this space!,,,
2025-11-02 22:30:00+00:00,Germany Bundesliga,Köln,Hamburger SV,Hamburger SV +0.5,0.50,1.93,0.2887,High,King's insight: Solid bet based on ML analysis—watch this space!,,,
2025-11-02 23:00:00+00:00,Spain La Liga,Real Madrid,Valencia CF,Valencia CF +1.75,1.75,1.93,0.3481,High,King's insight: Solid bet based on ML analysis—watch this space!,,,
2025-11-02 23:00:00+00:00,Denmark Superliga,SønderjyskE,Vejle,Vejle +0.5,0.50,1.93,0.3320,High,King's insight: Solid bet based on ML analysis—watch this space!,,,
2025-11-02 23:00:00+00:00,Spain La Liga,Atlético Madrid,Sevilla FC,Sevilla FC +1.5,1.50,1.93,0.3160,High,King's insight: Solid bet based on ML analysis—watch this space!,,,
2025-11-02 23:00:00+00:00,Denmark Superliga,Midtjylland,AGF,AGF +0.5,0.50,1.93,0.2265,High,King's insight: Solid bet based on ML analysis—watch this space!,,,
2025-11-02 23:00:00+00:00,Belgium Pro League,OH Leuven,KAA Gent,KAA Gent -0.0,0.00,1.93,0.2113,High,King's insight: Solid bet based on ML analysis—watch this space!,,,
2025-11-02 23:00:00+00:00,Spain La Liga,Real Oviedo,CA Osasuna,CA Osasuna -0.0,0.00,1.93,0.1954,High,King's insight: Solid bet based on ML analysis—watch this space!,,,
2025-11-02 23:00:00+00:00,Spain La Liga,Real Betis,RCD Mallorca,RCD Mallorca +1.0,1.00,1.93,0.1922,High,King's insight: Solid bet based on ML analysis—watch this space!,,,
2025-11-02 23:00:00+00:00,Spain La Liga,Deportivo Alavés,RCD Espanyol,RCD Espanyol +0.25,0.25,1.93,0.1564,High,King's insight: Solid bet based on ML analysis—watch this space!,,,
2025-11-02 23:00:00+00:00,Spain La Liga,Getafe CF,Girona FC,Getafe CF -0.25,-0.25,1.93,0.1195,High,King's insight: Solid bet based on ML analysis—watch this space!,,,
2025-11-02 23:00:00+00:00,Spain La Liga,Villarreal,Rayo Vallecano,Villarreal -0.75,-0.75,1.93,0.0970,High,King's insight: Solid bet based on ML analysis—watch this space!,,,
2025-11-02 23:15:00+00:00,Spain La Liga,Deportivo Alavés,RCD Espanyol,RCD Espanyol +0.25,0.25,1.93,0.5361,High,King's insight: Solid bet based on ML analysis—watch this space!,,,
2025-11-02 23:30:00+00:00,Portugal Liga NOS,AVS,CD Tondela,AVS +0.25,0.25,1.93,0.4066,High,King's insight: Solid bet based on ML analysis—watch this space!,,,
2025-11-02 23:45:00+00:00,Netherlands Eredivisie,Utrecht,NEC,Utrecht -0.25,-0.25,1.93,0.2053,High,King's insight: Solid bet based on ML analysis—watch this space!,,,
2025-11-03 00:00:00+00:00,Austria Bundesliga,Rapid Wien,Sturm Graz,Sturm Graz +0.25,0.25,1.93,0.1295,High,King's insight: Solid bet based on ML analysis—watch this space!,,,
2025-11-03 00:15:00+00:00,France Ligue 1,Lille,Angers SCO,Angers SCO +1.5,1.50,1.93,0.4778,High,King's insight: Solid bet based on ML analysis—watch this space!,,,
2025-11-03 00:15:00+00:00,France Ligue 1,Nantes,Metz,Metz +0.5,0.50,1.93,0.2753,High,King's insight: Solid bet based on ML analysis—watch this space!,,,
2025-11-03 00:15:00+00:00,France Ligue 1,Toulouse,Le Havre,Le Havre +0.75,0.75,1.93,0.2539,High,King's insight: Solid bet based on ML analysis—watch this space!,,,
2025-11-03 00:15:00+00:00,France Ligue 1,Lens,Lorient,Lorient +1.0,1.00,1.93,0.1585,High,King's insight: Solid bet based on ML analysis—watch this space!,,,
2025-11-03 00:30:00+00:00,Germany Bundesliga,Wolfsburg,Hoffenheim,Hoffenheim -0.0,0.00,1.93,0.4293,High,King's insight: Solid bet based on ML analysis—watch this space!,,,
2025-11-03 00:30:00+00:00,England Premier League,Manchester City,AFC Bournemouth,AFC Bournemouth +1.25,1.25,1.93,0.3760,High,King's insight: Solid bet based on ML analysis—watch this space!,,,
2025-11-03 01:00:00+00:00,Denmark Superliga,Nordsjælland,OB,OB +1.0,1.00,1.93,0.2530,High,King's insight: Solid bet based on ML analysis—watch this space!,,,
2025-11-03 01:00:00+00:00,Italy Serie A,Parma,Bologna,Bologna -0.5,-0.50,1.93,0.2105,High,King's insight: Solid bet based on ML analysis—watch this space!,,,
2025-11-03 01:30:00+00:00,Spain La Liga,FC Barcelona,Elche CF,Elche CF +2.0,2.00,1.93,0.6096,High,King's insight: Solid bet based on ML analysis—watch this space!,,,
2025-11-03 01:30:00+00:00,Belgium Pro League,Sint-Truiden,Royal Antwerp FC,Royal Antwerp FC +0.5,0.50,1.93,0.2930,High,King's insight: Solid bet based on ML analysis—watch this space!,,,
2025-11-03 02:00:00+00:00,Portugal Liga NOS,FC Arouca,Moreirense FC,FC Arouca 0.0,0.00,1.93,0.3614,High,King's insight: Solid bet based on ML analysis—watch this space!,,,
2025-11-03 02:15:00+00:00,Belgium Pro League,RAAL La Louvière,Cercle Brugge,Cercle Brugge -0.25,-0.25,1.93,0.1499,High,King's insight: Solid bet based on ML analysis—watch this space!,,,
2025-11-03 03:00:00+00:00,Denmark Superliga,Silkeborg,Brøndby,Silkeborg +0.5,0.50,1.93,0.2048,High,King's insight: Solid bet based on ML analysis—watch this space!,,,
2025-11-03 03:00:00+00:00,Brazil Serie A,Bahia,Bragantino,Bragantino +0.75,0.75,1.93,0.1914,High,King's insight: Solid bet based on ML analysis—watch this space!,,,
2025-11-03 03:00:00+00:00,Brazil Serie A,Ceará,Fluminense,Fluminense -0.0,0.00,1.93,0.1452,High,King's insight: Solid bet based on ML analysis—watch this space!,,,
2025-11-03 03:00:00+00:00,Brazil Serie A,Corinthians,Grêmio,Grêmio +0.75,0.75,1.93,0.1166,High,King's insight: Solid bet based on ML analysis—watch this space!,,,
2025-11-03 03:45:00+00:00,France Ligue 1,Brest,Olympique Lyonnais,Olympique Lyonnais -0.25,-0.25,1.93,0.4534,High,King's insight: Solid bet based on ML analysis—watch this space!,,,
2025-11-03 03:45:00+00:00,Italy Serie A,AC Milan,Roma,Roma +0.5,0.50,1.93,0.4146,High,King's insight: Solid bet based on ML analysis—watch this space!,,,
2025-11-03 04:00:00+00:00,Spain La Liga,Real Betis,RCD Mallorca,Real Betis -0.75,-0.75,1.93,0.2414,High,King's insight: Solid bet based on ML analysis—watch this space!,,,
2025-11-03 04:30:00+00:00,Portugal Liga NOS,Porto,Sporting Braga,Sporting Braga +1.0,1.00,1.93,0.2290,High,King's insight: Solid bet based on ML analysis—watch this space!,,,
2025-11-03 05:30:00+00:00,Brazil Serie A,Juventude,Palmeiras,Juventude +1.25,1.25,1.93,0.1817,High,King's insight: Solid bet based on ML analysis—watch this space!,,,
2025-11-03 05:30:00+00:00,Brazil Serie A,Internacional,Atlético Mineiro,Atlético Mineiro +0.5,0.50,1.93,0.1711,High,King's insight: Solid bet based on ML analysis—watch this space!,,,
2025-11-04 01:30:00+00:00,Italy Serie A,Sassuolo,Genoa,Genoa +0.25,0.25,1.93,0.4459,High,King's insight: Solid bet based on ML analysis—watch this space!,,,
2025-11-04 02:00:00+00:00,Denmark Superliga,Midtjylland,AGF,AGF +0.5,0.50,1.93,0.2228,High,King's insight: Solid bet based on ML analysis—watch this space!,,,
2025-11-04 03:45:00+00:00,Italy Serie A,Lazio,Cagliari,Cagliari +0.75,0.75,1.93,0.0628,High,King's insight: Solid bet based on ML analysis—watch this space!,,,
2025-11-04 04:00:00+00:00,Spain La Liga,Real Oviedo,CA Osasuna,CA Osasuna -0.0,0.00,1.93,0.4982,High,King's insight: Solid bet based on ML analysis—watch this space!,,,
2025-11-04 04:00:00+00:00,England Premier League,Sunderland,Everton,Everton -0.25,-0.25,1.93,0.1977,High,King's insight: Solid bet based on ML analysis—watch this space!,,,
2025-11-04 04:45:00+00:00,Portugal Liga NOS,Gil Vicente,Santa Clara,Santa Clara +0.25,0.25,1.93,0.1410,High,King's insight: Solid bet based on ML analysis—watch this space!,,,
2025-11-05 01:45:00+00:00,Europe UEFA Champions League,Slavia Praha,Arsenal,Slavia Praha +1.5,1.50,1.93,0.4454,High,King's insight: Solid bet based on ML analysis—watch this space!,,,
2025-11-05 01:45:00+00:00,Europe UEFA Champions League,Napoli,Eintracht Frankfurt,Eintracht Frankfurt +1.0,1.00,1.93,0.1907,High,King's insight: Solid bet based on ML analysis—watch this space!,,,
2025-11-05 03:45:00+00:00,England Championship,Oxford United,Stoke City,Oxford United +0.25,0.25,1.93,0.3621,High,King's insight: Solid bet based on ML analysis—watch this space!,,,
2025-11-05 03:45:00+00:00,England Championship,Ipswich Town,Watford,Watford +1.0,1.00,1.93,0.2842,High,King's insight: Solid bet based on ML analysis—watch this space!,,,
2025-11-05 03:45:00+00:00,England Championship,Charlton Athletic,West Bromwich Albion,Charlton Athletic 0.0,0.00,1.93,0.1475,High,King's insight: Solid bet based on ML analysis—watch this space!,,,
2025-11-05 03:45:00+00:00,England Championship,Leicester City,Middlesbrough,Middlesbrough +0.25,0.25,1.93,0.1450,High,King's insight: Solid bet based on ML analysis—watch this space!,,,
2025-11-05 03:45:00+00:00,England Championship,Derby County,Hull City,Hull City +0.25,0.25,1.93,0.1410,High,King's insight: Solid bet based on ML analysis—watch this space!,,,
2025-11-05 04:00:00+00:00,Europe UEFA Champions League,Atlético Madrid,Union Saint-Gilloise,Union Saint-Gilloise +1.75,1.75,1.93,0.5263,High,King's insight: Solid bet based on ML analysis—watch this space!,,,
2025-11-05 04:00:00+00:00,Europe UEFA Champions League,Olympiakos Piraeus,PSV,PSV -0.0,0.00,1.93,0.4813,High,King's insight: Solid bet based on ML analysis—watch this space!,,,
2025-11-05 04:00:00+00:00,Europe UEFA Champions League,Liverpool,Real Madrid,Real Madrid +0.25,0.25,1.93,0.3987,High,King's insight: Solid bet based on ML analysis—watch this space!,,,
2025-11-05 04:00:00+00:00,Europe UEFA Champions League,Tottenham Hotspur,København,København +1.25,1.25,1.93,0.3621,High,King's insight: Solid bet based on ML analysis—watch this space!,,,
2025-11-05 04:00:00+00:00,England Championship,Coventry City,Sheffield United,Sheffield United +1.0,1.00,1.93,0.3012,High,King's insight: Solid bet based on ML analysis—watch this space!,,,
2025-11-05 04:00:00+00:00,Europe UEFA Champions League,Juventus,Sporting CP,Sporting CP +0.5,0.50,1.93,0.2753,High,King's insight: Solid bet based on ML analysis—watch this space!,,,
2025-11-05 04:00:00+00:00,Europe UEFA Champions League,FK Bodo - Glimt,Monaco,Monaco +0.25,0.25,1.93,0.2240,High,King's insight: Solid bet based on ML analysis—watch this space!,,,
2025-11-05 04:00:00+00:00,Europe UEFA Champions League,PSG,Bayern München,Bayern München +0.25,0.25,1.93,0.1954,High,King's insight: Solid bet based on ML analysis—watch this space!,,,
2025-11-06 01:45:00+00:00,Europe UEFA Champions League,Qarabağ,Chelsea,Qarabağ +1.25,1.25,1.93,0.4033,High,King's insight: Solid bet based on ML analysis—watch this space!,,,
2025-11-06 01:45:00+00:00,Europe UEFA Champions League,Paphos,Villarreal,Villarreal -1.0,-1.00,1.93,0.1719,High,King's insight: Solid bet based on ML analysis—watch this space!,,,
2025-11-06 03:45:00+00:00,England Championship,Queens Park Rangers,Southampton,Queens Park Rangers +0.25,0.25,1.93,0.2250,High,King's insight: Solid bet based on ML analysis—watch this space!,,,
2025-11-06 03:45:00+00:00,England Championship,Sheffield Wednesday,Norwich City,Sheffield Wednesday +0.25,0.25,1.93,0.2250,High,King's insight: Solid bet based on ML analysis—watch this space!,,,
2025-11-06 03:45:00+00:00,England Championship,Preston North End,Swansea City,Swansea City +0.25,0.25,1.93,0.1265,High,King's insight: Solid bet based on ML analysis—watch this space!,,,
2025-11-06 04:00:00+00:00,Europe UEFA Champions League,Inter Milan,Kairat,Kairat +2.0,2.00,1.93,0.6183,High,King's insight: Solid bet based on ML analysis—watch this space!,,,
2025-11-06 04:00:00+00:00,Europe UEFA Champions League,Manchester City,Borussia Dortmund,Borussia Dortmund +1.25,1.25,1.93,0.3295,High,King's insight: Solid bet based on ML analysis—watch this space!,,,
2025-11-06 04:00:00+00:00,Europe UEFA Champions League,Club Brugge,FC Barcelona,Club Brugge +1.0,1.00,1.93,0.2601,High,King's insight: Solid bet based on ML analysis—watch this space!,,,
2025-11-06 04:00:00+00:00,Europe UEFA Champions League,Olympique Marseille,Atalanta,Atalanta +0.5,0.50,1.93,0.2377,High,King's insight: Solid bet based on ML analysis—watch this space!,,,
2025-11-06 04:00:00+00:00,Europe UEFA Champions League,Benfica,Bayer Leverkusen,Benfica -0.25,-0.25,1.93,0.2350,High,King's insight: Solid bet based on ML analysis—watch this space!,,,
2025-11-06 04:00:00+00:00,Europe UEFA Champions League,Newcastle United,Athletic Club Bilbao,Athletic Club Bilbao +1.0,1.00,1.93,0.2114,High,King's insight: Solid bet based on ML analysis—watch this space!,,,
2025-11-06 04:00:00+00:00,England Championship,Portsmouth,Wrexham,Wrexham +0.25,0.25,1.93,0.1990,High,King's insight: Solid bet based on ML analysis—watch this space!,,,
2025-11-06 04:00:00+00:00,Europe UEFA Champions League,Ajax,Galatasaray,Galatasaray -0.25,-0.25,1.93,0.1842,High,King's insight: Solid bet based on ML analysis—watch this space!,,,
2025-11-08 03:00:00+00:00,Netherlands Eredivisie,Twente,Telstar,Telstar +1.5,1.50,1.93,0.4009,High,King's insight: Solid bet based on ML analysis—watch this space!,,,
2025-11-08 03:30:00+00:00,Germany Bundesliga,Werder Bremen,Wolfsburg,Werder Bremen -0.25,-0.25,1.93,0.2350,High,King's insight: Solid bet based on ML analysis—watch this space!,,,
2025-11-08 03:45:00+00:00,France Ligue 1,Paris,Rennes,Rennes +0.25,0.25,1.93,0.3847,High,King's insight: Solid bet based on ML analysis—watch this space!,,,
2025-11-08 04:00:00+00:00,Spain La Liga,Elche CF,Real Sociedad,Real Sociedad -0.0,0.00,1.93,0.3721,High,King's insight: Solid bet based on ML analysis—watch this space!,,,
2025-11-08 20:30:00+00:00,England Premier League,Tottenham Hotspur,Manchester United,Manchester United -0.0,0.00,1.93,0.2913,High,King's insight: Solid bet based on ML analysis—watch this space!,,,
2025-11-08 21:00:00+00:00,Spain La Liga,Girona FC,Deportivo Alavés,Deportivo Alavés +0.25,0.25,1.93,0.2846,High,King's insight: Solid bet based on ML analysis—watch this space!,,,
2025-11-08 22:00:00+00:00,Italy Serie A,Como,Cagliari,Cagliari +1.0,1.00,1.93,0.1585,High,King's insight: Solid bet based on ML analysis—watch this space!,,,
2025-11-08 22:30:00+00:00,Germany Bundesliga,Hoffenheim,RB Leipzig,RB Leipzig -0.0,0.00,1.93,0.4293,High,King's insight: Solid bet based on ML analysis—watch this space!,,,
2025-11-08 22:30:00+00:00,Germany Bundesliga,Bayer Leverkusen,Heidenheim,Heidenheim +1.25,1.25,1.93,0.2997,High,King's insight: Solid bet based on ML analysis—watch this space!,,,
2025-11-08 22:30:00+00:00,Germany Bundesliga,Stuttgart,Augsburg,Augsburg +1.25,1.25,1.93,0.2950,High,King's insight: Solid bet based on ML analysis—watch this space!,,,
2025-11-08 22:30:00+00:00,Germany Bundesliga,Freiburg,St. Pauli,St. Pauli +0.75,0.75,1.93,0.2656,High,King's insight: Solid bet based on ML analysis—watch this space!,,,
2025-11-08 22:30:00+00:00,Germany Bundesliga,Eintracht Frankfurt,Mainz 05,Mainz 05 +0.75,0.75,1.93,0.1180,High,King's insight: Solid bet based on ML analysis—watch this space!,,,
2025-11-08 23:00:00+00:00,England Championship,Southampton,Sheffield Wednesday,Sheffield Wednesday +1.5,1.50,1.93,0.3923,High,King's insight: Solid bet based on ML analysis—watch this space!,,,
2025-11-08 23:00:00+00:00,England Championship,Swansea City,Ipswich Town,Swansea City +0.25,0.25,1.93,0.3621,High,King's insight: Solid bet based on ML analysis—watch this space!,,,
2025-11-08 23:00:00+00:00,England Premier League,Aston Villa,AFC Bournemouth,AFC Bournemouth +0.5,0.50,1.93,0.2753,High,King's insight: Solid bet based on ML analysis—watch this space!,,,
2025-11-08 23:00:00+00:00,England Premier League,West Ham United,Burnley,Burnley +0.5,0.50,1.93,0.2753,High,King's insight: Solid bet based on ML analysis—watch this space!,,,
2025-11-08 23:00:00+00:00,England Championship,Stoke City,Coventry City,Stoke City +0.25,0.25,1.93,0.2604,High,King's insight: Solid bet based on ML analysis—watch this space!,,,
2025-11-08 23:00:00+00:00,Scotland Premiership,Celtic,Kilmarnock,Kilmarnock +2.0,2.00,1.93,0.2308,High,King's insight: Solid bet based on ML analysis—watch this space!,,,
2025-11-08 23:00:00+00:00,England Premier League,Manchester City,Liverpool,Liverpool +0.5,0.50,1.93,0.1674,High,King's insight: Solid bet based on ML analysis—watch this space!,,,
2025-11-08 23:00:00+00:00,England Championship,West Bromwich Albion,Oxford United,Oxford United +0.75,0.75,1.93,0.1146,High,King's insight: Solid bet based on ML analysis—watch this space!,,,
2025-11-08 23:15:00+00:00,Spain La Liga,Sevilla FC,CA Osasuna,CA Osasuna +0.25,0.25,1.93,0.1051,High,King's insight: Solid bet based on ML analysis—watch this space!,,,
2025-11-09 00:00:00+00:00,France Ligue 1,Olympique Marseille,Brest,Brest +1.5,1.50,1.93,0.4818,High,King's insight: Solid bet based on ML analysis—watch this space!,,,
2025-11-09 01:00:00+00:00,Italy Serie A,Juventus,Torino,Torino +1.0,1.00,1.93,0.2114,High,King's insight: Solid bet based on ML analysis—watch this space!,,,
2025-11-09 01:30:00+00:00,Spain La Liga,Atlético Madrid,Levante UD,Levante UD +2.0,2.00,1.93,0.6072,High,King's insight: Solid bet based on ML analysis—watch this space!,,,
2025-11-09 01:30:00+00:00,England Premier League,Sunderland,Arsenal,Sunderland +1.25,1.25,1.93,0.1119,High,King's insight: Solid bet based on ML analysis—watch this space!,,,
2025-11-09 02:00:00+00:00,France Ligue 1,Le Havre,Nantes,Nantes +0.5,0.50,1.93,0.2753,High,King's insight: Solid bet based on ML analysis—watch this space!,,,
2025-11-09 03:00:00+00:00,Netherlands Eredivisie,Fortuna Sittard,Heerenveen,Fortuna Sittard +0.25,0.25,1.93,0.2604,High,King's insight: Solid bet based on ML analysis—watch this space!,,,
2025-11-09 04:00:00+00:00,England Premier League,Chelsea,Wolverhampton Wanderers,Wolverhampton Wanderers +1.5,1.50,1.93,0.4682,High,King's insight: Solid bet based on ML analysis—watch this space!,,,
2025-11-09 04:05:00+00:00,France Ligue 1,Monaco,Lens,Lens +0.5,0.50,1.93,0.1674,High,King's insight: Solid bet based on ML analysis—watch this space!,,,
2025-11-09 04:30:00+00:00,Portugal Liga NOS,Santa Clara,Sporting CP,Santa Clara +1.25,1.25,1.93,0.6311,High,King's insight: Solid bet based on ML analysis—watch this space!,,,
